<?xml version="1.0" encoding="UTF-8"?>
<GenRun Id="impl_1" LaunchPart="xc7a100tcsg324-1" LaunchTime="1554468559">
  <File Type="BITSTR-BMM" Name="PmodKYPD_bd.bmm"/>
  <File Type="OPT-METHODOLOGY-DRC" Name="PmodKYPD_methodology_drc_opted.rpt"/>
  <File Type="INIT-TIMING" Name="PmodKYPD_timing_summary_init.rpt"/>
  <File Type="ROUTE-PWR" Name="PmodKYPD_power_routed.rpt"/>
  <File Type="PA-TCL" Name="PmodKYPD.tcl"/>
  <File Type="OPT-TIMING" Name="PmodKYPD_timing_summary_opted.rpt"/>
  <File Type="OPT-DCP" Name="PmodKYPD_opt.dcp"/>
  <File Type="ROUTE-PWR-SUM" Name="PmodKYPD_power_summary_routed.pb"/>
  <File Type="REPORTS-TCL" Name="PmodKYPD_reports.tcl"/>
  <File Type="OPT-DRC" Name="PmodKYPD_drc_opted.rpt"/>
  <File Type="OPT-HWDEF" Name="PmodKYPD.hwdef"/>
  <File Type="PWROPT-DCP" Name="PmodKYPD_pwropt.dcp"/>
  <File Type="PWROPT-DRC" Name="PmodKYPD_drc_pwropted.rpt"/>
  <File Type="PWROPT-TIMING" Name="PmodKYPD_timing_summary_pwropted.rpt"/>
  <File Type="PLACE-DCP" Name="PmodKYPD_placed.dcp"/>
  <File Type="PLACE-IO" Name="PmodKYPD_io_placed.rpt"/>
  <File Type="PLACE-CLK" Name="PmodKYPD_clock_utilization_placed.rpt"/>
  <File Type="PLACE-UTIL" Name="PmodKYPD_utilization_placed.rpt"/>
  <File Type="PLACE-UTIL-PB" Name="PmodKYPD_utilization_placed.pb"/>
  <File Type="PLACE-CTRL" Name="PmodKYPD_control_sets_placed.rpt"/>
  <File Type="PLACE-SIMILARITY" Name="PmodKYPD_incremental_reuse_placed.rpt"/>
  <File Type="PLACE-PRE-SIMILARITY" Name="PmodKYPD_incremental_reuse_pre_placed.rpt"/>
  <File Type="BG-BGN" Name="PmodKYPD.bgn"/>
  <File Type="PLACE-TIMING" Name="PmodKYPD_timing_summary_placed.rpt"/>
  <File Type="POSTPLACE-PWROPT-DCP" Name="PmodKYPD_postplace_pwropt.dcp"/>
  <File Type="BG-BIN" Name="PmodKYPD.bin"/>
  <File Type="POSTPLACE-PWROPT-TIMING" Name="PmodKYPD_timing_summary_postplace_pwropted.rpt"/>
  <File Type="PHYSOPT-DCP" Name="PmodKYPD_physopt.dcp"/>
  <File Type="PHYSOPT-DRC" Name="PmodKYPD_drc_physopted.rpt"/>
  <File Type="BITSTR-MSK" Name="PmodKYPD.msk"/>
  <File Type="PHYSOPT-TIMING" Name="PmodKYPD_timing_summary_physopted.rpt"/>
  <File Type="ROUTE-ERROR-DCP" Name="PmodKYPD_routed_error.dcp"/>
  <File Type="ROUTE-DCP" Name="PmodKYPD_routed.dcp"/>
  <File Type="ROUTE-BLACKBOX-DCP" Name="PmodKYPD_routed_bb.dcp"/>
  <File Type="ROUTE-DRC" Name="PmodKYPD_drc_routed.rpt"/>
  <File Type="ROUTE-DRC-PB" Name="PmodKYPD_drc_routed.pb"/>
  <File Type="BITSTR-LTX" Name="debug_nets.ltx"/>
  <File Type="BITSTR-LTX" Name="PmodKYPD.ltx"/>
  <File Type="ROUTE-DRC-RPX" Name="PmodKYPD_drc_routed.rpx"/>
  <File Type="BITSTR-MMI" Name="PmodKYPD.mmi"/>
  <File Type="ROUTE-METHODOLOGY-DRC" Name="PmodKYPD_methodology_drc_routed.rpt"/>
  <File Type="ROUTE-METHODOLOGY-DRC-RPX" Name="PmodKYPD_methodology_drc_routed.rpx"/>
  <File Type="BITSTR-SYSDEF" Name="PmodKYPD.sysdef"/>
  <File Type="ROUTE-METHODOLOGY-DRC-PB" Name="PmodKYPD_methodology_drc_routed.pb"/>
  <File Type="ROUTE-PWR-RPX" Name="PmodKYPD_power_routed.rpx"/>
  <File Type="ROUTE-STATUS" Name="PmodKYPD_route_status.rpt"/>
  <File Type="ROUTE-STATUS-PB" Name="PmodKYPD_route_status.pb"/>
  <File Type="ROUTE-TIMINGSUMMARY" Name="PmodKYPD_timing_summary_routed.rpt"/>
  <File Type="ROUTE-TIMING-PB" Name="PmodKYPD_timing_summary_routed.pb"/>
  <File Type="ROUTE-TIMING-RPX" Name="PmodKYPD_timing_summary_routed.rpx"/>
  <File Type="ROUTE-SIMILARITY" Name="PmodKYPD_incremental_reuse_routed.rpt"/>
  <File Type="ROUTE-CLK" Name="PmodKYPD_clock_utilization_routed.rpt"/>
  <File Type="ROUTE-BUS-SKEW" Name="PmodKYPD_bus_skew_routed.rpt"/>
  <File Type="ROUTE-BUS-SKEW-PB" Name="PmodKYPD_bus_skew_routed.pb"/>
  <File Type="ROUTE-BUS-SKEW-RPX" Name="PmodKYPD_bus_skew_routed.rpx"/>
  <File Type="POSTROUTE-PHYSOPT-DCP" Name="PmodKYPD_postroute_physopt.dcp"/>
  <File Type="POSTROUTE-PHYSOPT-BLACKBOX-DCP" Name="PmodKYPD_postroute_physopt_bb.dcp"/>
  <File Type="POSTROUTE-PHYSOPT-TIMING" Name="PmodKYPD_timing_summary_postroute_physopted.rpt"/>
  <File Type="POSTROUTE-PHYSOPT-TIMING-PB" Name="PmodKYPD_timing_summary_postroute_physopted.pb"/>
  <File Type="POSTROUTE-PHYSOPT-TIMING-RPX" Name="PmodKYPD_timing_summary_postroute_physopted.rpx"/>
  <File Type="POSTROUTE-PHYSOPT-BUS-SKEW" Name="PmodKYPD_bus_skew_postroute_physopted.rpt"/>
  <File Type="POSTROUTE-PHYSOPT-BUS-SKEW-PB" Name="PmodKYPD_bus_skew_postroute_physopted.pb"/>
  <File Type="BG-BIT" Name="PmodKYPD.bit"/>
  <File Type="POSTROUTE-PHYSOPT-BUS-SKEW-RPX" Name="PmodKYPD_bus_skew_postroute_physopted.rpx"/>
  <File Type="BITSTR-RBT" Name="PmodKYPD.rbt"/>
  <File Type="BITSTR-NKY" Name="PmodKYPD.nky"/>
  <File Type="BG-DRC" Name="PmodKYPD.drc"/>
  <File Type="RDI-RDI" Name="PmodKYPD.vdi"/>
  <File Type="WBT-USG" Name="usage_statistics_webtalk.html"/>
  <FileSet Name="sources" Type="DesignSrcs" RelSrcDir="$PSRCDIR/sources_1">
    <Filter Type="Srcs"/>
    <File Path="$PSRCDIR/sources_1/imports/PmodKYPD_Source/Decoder.vhd">
      <FileInfo>
        <Attr Name="ImportPath" Val="$PPRDIR/../../Downloads/pmodkypd_demo/PmodKYPD_Source/Decoder.vhd"/>
        <Attr Name="ImportTime" Val="1318972171"/>
        <Attr Name="UsedIn" Val="synthesis"/>
        <Attr Name="UsedIn" Val="simulation"/>
      </FileInfo>
    </File>
    <File Path="$PSRCDIR/sources_1/imports/PmodKYPD_Source/DisplayController.vhd">
      <FileInfo>
        <Attr Name="ImportPath" Val="$PPRDIR/../../Downloads/pmodkypd_demo/PmodKYPD_Source/DisplayController.vhd"/>
        <Attr Name="ImportTime" Val="1318972087"/>
        <Attr Name="UsedIn" Val="synthesis"/>
        <Attr Name="UsedIn" Val="simulation"/>
      </FileInfo>
    </File>
    <File Path="$PSRCDIR/sources_1/imports/PmodKYPD_Source/PmodKYPD.vhd">
      <FileInfo>
        <Attr Name="ImportPath" Val="$PPRDIR/../../Downloads/pmodkypd_demo/PmodKYPD_Source/PmodKYPD.vhd"/>
        <Attr Name="ImportTime" Val="1318972184"/>
        <Attr Name="UsedIn" Val="synthesis"/>
        <Attr Name="UsedIn" Val="simulation"/>
      </FileInfo>
    </File>
    <Config>
      <Option Name="DesignMode" Val="RTL"/>
      <Option Name="TopModule" Val="PmodKYPD"/>
      <Option Name="TopAutoSet" Val="TRUE"/>
    </Config>
  </FileSet>
  <FileSet Name="constrs_in" Type="Constrs" RelSrcDir="$PSRCDIR/constrs_1">
    <Filter Type="Constrs"/>
    <File Path="$PSRCDIR/constrs_1/imports/nexys4ddr_master_xdc/Nexys4DDR_Master.xdc">
      <FileInfo>
        <Attr Name="ImportPath" Val="E:/Learn_VHDL/nexys4ddr_master_xdc/Nexys4DDR_Master.xdc"/>
        <Attr Name="ImportTime" Val="1507911357"/>
        <Attr Name="UsedIn" Val="synthesis"/>
        <Attr Name="UsedIn" Val="implementation"/>
      </FileInfo>
    </File>
    <Config>
      <Option Name="ConstrsType" Val="XDC"/>
    </Config>
  </FileSet>
  <Strategy Version="1" Minor="2">
    <StratHandle Name="Vivado Implementation Defaults" Flow="Vivado Implementation 2018">
      <Desc>Default settings for Implementation.</Desc>
    </StratHandle>
    <Step Id="init_design"/>
    <Step Id="opt_design"/>
    <Step Id="power_opt_design"/>
    <Step Id="place_design"/>
    <Step Id="post_place_power_opt_design"/>
    <Step Id="phys_opt_design"/>
    <Step Id="route_design"/>
    <Step Id="post_route_phys_opt_design"/>
    <Step Id="write_bitstream"/>
  </Strategy>
</GenRun>
