<?xml version="1.0" encoding="UTF-8"?>
<GenRun Id="synth_1" LaunchPart="xc7a100tcsg324-1" LaunchTime="1554468559">
  <File Type="PA-TCL" Name="PmodKYPD.tcl"/>
  <File Type="RDS-PROPCONSTRS" Name="PmodKYPD_drc_synth.rpt"/>
  <File Type="REPORTS-TCL" Name="PmodKYPD_reports.tcl"/>
  <File Type="RDS-RDS" Name="PmodKYPD.vds"/>
  <File Type="RDS-UTIL" Name="PmodKYPD_utilization_synth.rpt"/>
  <File Type="RDS-UTIL-PB" Name="PmodKYPD_utilization_synth.pb"/>
  <File Type="RDS-DCP" Name="PmodKYPD.dcp"/>
  <File Type="VDS-TIMINGSUMMARY" Name="PmodKYPD_timing_summary_synth.rpt"/>
  <File Type="VDS-TIMING-PB" Name="PmodKYPD_timing_summary_synth.pb"/>
  <FileSet Name="sources" Type="DesignSrcs" RelSrcDir="$PSRCDIR/sources_1">
    <Filter Type="Srcs"/>
    <File Path="$PSRCDIR/sources_1/imports/PmodKYPD_Source/Decoder.vhd">
      <FileInfo>
        <Attr Name="ImportPath" Val="$PPRDIR/../../Downloads/pmodkypd_demo/PmodKYPD_Source/Decoder.vhd"/>
        <Attr Name="ImportTime" Val="1318972171"/>
        <Attr Name="UsedIn" Val="synthesis"/>
        <Attr Name="UsedIn" Val="simulation"/>
      </FileInfo>
    </File>
    <File Path="$PSRCDIR/sources_1/imports/PmodKYPD_Source/DisplayController.vhd">
      <FileInfo>
        <Attr Name="ImportPath" Val="$PPRDIR/../../Downloads/pmodkypd_demo/PmodKYPD_Source/DisplayController.vhd"/>
        <Attr Name="ImportTime" Val="1318972087"/>
        <Attr Name="UsedIn" Val="synthesis"/>
        <Attr Name="UsedIn" Val="simulation"/>
      </FileInfo>
    </File>
    <File Path="$PSRCDIR/sources_1/imports/PmodKYPD_Source/PmodKYPD.vhd">
      <FileInfo>
        <Attr Name="ImportPath" Val="$PPRDIR/../../Downloads/pmodkypd_demo/PmodKYPD_Source/PmodKYPD.vhd"/>
        <Attr Name="ImportTime" Val="1318972184"/>
        <Attr Name="UsedIn" Val="synthesis"/>
        <Attr Name="UsedIn" Val="simulation"/>
      </FileInfo>
    </File>
    <Config>
      <Option Name="DesignMode" Val="RTL"/>
      <Option Name="TopModule" Val="PmodKYPD"/>
      <Option Name="TopAutoSet" Val="TRUE"/>
    </Config>
  </FileSet>
  <FileSet Name="constrs_in" Type="Constrs" RelSrcDir="$PSRCDIR/constrs_1">
    <Filter Type="Constrs"/>
    <File Path="$PSRCDIR/constrs_1/imports/nexys4ddr_master_xdc/Nexys4DDR_Master.xdc">
      <FileInfo>
        <Attr Name="ImportPath" Val="E:/Learn_VHDL/nexys4ddr_master_xdc/Nexys4DDR_Master.xdc"/>
        <Attr Name="ImportTime" Val="1507911357"/>
        <Attr Name="UsedIn" Val="synthesis"/>
        <Attr Name="UsedIn" Val="implementation"/>
      </FileInfo>
    </File>
    <Config>
      <Option Name="ConstrsType" Val="XDC"/>
    </Config>
  </FileSet>
  <Strategy Version="1" Minor="2">
    <StratHandle Name="Vivado Synthesis Defaults" Flow="Vivado Synthesis 2018">
      <Desc>Vivado Synthesis Defaults</Desc>
    </StratHandle>
    <Step Id="synth_design"/>
  </Strategy>
</GenRun>
